t_lon,t_lat,alpha
144.97019847394392,-37.85101104566968,0.5038672433352733
144.9696108904726,-37.850541787135896,0.5043789953143407
144.9690744106033,-37.850111251019285,0.5050715924947982
144.9686217733537,-37.849746487983744,0.5060134162375173
144.96828546716645,-37.84947503915098,0.5081614781112352
144.96809809824725,-37.849324265120046,0.5096832397548118
144.9680929224739,-37.84932049788373,0.513386410879464
144.96830266346922,-37.84949084476959,0.5157636091402844
144.96825390110757,-37.84945282259379,0.5197576820195181
144.96820513874593,-37.84941480041798,0.5224790676375053
144.9681563763843,-37.84937677824219,0.5246285387409506
144.9681076140226,-37.84933875606638,0.5266056265276645
144.96805885166097,-37.84930073389058,0.5285443012940005
144.9680100892993,-37.84926271171478,0.5304456707210878
144.96796131895138,-37.84922469582297,0.5323465570756907
144.96791249970198,-37.84918671840913,0.5348134784277594
144.96786367682438,-37.849148743850044,0.5374690962477351
144.9678148884695,-37.84911074212694,0.5400957170466549
144.96776616566532,-37.84907268882547,0.5425947760794716
144.9677175323173,-37.84903456513574,0.5450047364963339
144.96766900520817,-37.848996357852265,0.5473847919570094
144.96762059399802,-37.84895805937405,0.5497265495979685
144.96757230122432,-37.84891966770449,0.5520297742164099
144.96752412230188,-37.848881186451464,0.554288231470339
144.96747604552286,-37.84884262482726,0.5565012347916233
144.96742805205662,-37.84880399764863,0.5586342119976505
144.96738011595008,-37.848765325336736,0.5607009718517075
144.96733220412733,-37.84872663391721,0.5627547180537765
144.96728427638988,-37.84868795502011,0.5649820092040495
144.96723630108198,-37.84864931355366,0.5675876047268348
144.9671883257741,-37.848610672087204,0.570059621956316
144.9671403504662,-37.84857203062075,0.5724345620681929
144.9670923751583,-37.8485333891543,0.5747507501600165
144.9670443998504,-37.84849474768785,0.5770217711048576
144.96699642454251,-37.84845610622139,0.5792649614987809
144.96694844923462,-37.848417464754945,0.5815306794311722
144.96690047392673,-37.8483788232885,0.5838415315223432
144.96685249861883,-37.84834018182204,0.5860405530738482
144.9668045233109,-37.84830154035559,0.5881079934305555
144.96675654800302,-37.84826289888913,0.5902591694193634
144.96670857269513,-37.848224257422686,0.5927324796233203
144.96666059738723,-37.84818561595623,0.5957334296734231
144.96661262207934,-37.84814697448978,0.5989100104870803
144.96656464677145,-37.84810833302333,0.6020850252386977
144.96651667146358,-37.84806969155688,0.6043322804420338
144.9664686961557,-37.84803105009043,0.6049655004105009
144.96642072221505,-37.84799240756489,0.6020962170749562
144.96637274895178,-37.84795376451467,0.5920830016478651
144.96632291367763,-37.84791599454551,0.589321743194633
144.9662724805598,-37.84787843906161,0.5848989749603688
144.966220715568,-37.847840438213424,0.5872258599971278
144.9661698267162,-37.8478012246719,0.5952479935701684
144.96612340650802,-37.847760596036174,0.6084670221861959
144.9660837462497,-37.84771821870723,0.6282682249619529
144.96605275092884,-37.84767397100696,0.6525084818470303
144.96603208860756,-37.84762799951818,0.6738909201990375
144.9660237365756,-37.847580868963846,0.6752014948215821
144.96602696128014,-37.84753257877293,0.6613686879901
144.966040498613,-37.84748326160666,0.6414456553392458
144.96606296849535,-37.84743324881917,0.62291840180989
144.9660912862437,-37.84738281962102,0.6119968065963284
144.96612185238436,-37.847332391445214,0.6083885622938141
144.9661508278906,-37.8472825349277,0.6117191539267737
144.96617718235132,-37.84723222409809,0.6151485904683566
144.96619811439052,-37.84718117612601,0.6300792751343578
144.966215533037,-37.84712914004736,0.6395498996622226
144.96622955035537,-37.84707637384388,0.6430008257071245
144.9662393211111,-37.84702284362008,0.6485888975639007
144.96624507453768,-37.846968827112306,0.6564212230019943
144.96624769382464,-37.84691470371642,0.6644064864459794
144.96624891506968,-37.846860651170665,0.6618668901141452
144.9662471503856,-37.84680656378701,0.6620187014777064
144.96624254371167,-37.846752571010654,0.6631423034885514
144.96623540408063,-37.84669879911871,0.6615003518540904
144.9662245865074,-37.846645445774065,0.6638366641730906
144.96621020364725,-37.84659259865043,0.6677274388520436
144.9661927107356,-37.84654030853825,0.6692035414624335
144.96617164317632,-37.84648895645554,0.6712316511605906
144.96614711876018,-37.84643866265198,0.671979871833093
144.9661194454053,-37.846389629646794,0.668782966508938
144.96608758021196,-37.846342160803104,0.6691685231250548
144.96605166229287,-37.84629638134102,0.6726557633375816
144.9660121739007,-37.846252278434946,0.6782882452978743
144.9659699551018,-37.84620968908871,0.683890748144271
144.96592611524156,-37.846168266256804,0.6847128597457954
144.96588020113302,-37.84612806840186,0.6872583935563342
144.9658328882584,-37.846088839273705,0.6894010943934431
144.96578456075002,-37.846050393483395,0.6909270352581969
144.96573527837333,-37.84601262887513,0.6940081812957067
144.96568565471057,-37.84597519745662,0.6956678572576952
144.96563586310478,-37.84593800243363,0.6961767237776689
144.96558570949472,-37.8459011037602,0.6982035071832827
144.96553551995862,-37.84586425666484,0.6992314410566112
144.96548527719264,-37.845827464541436,0.7002679969784708
144.9654349516825,-37.84579073909093,0.7021827283323853
144.96538463962702,-37.845754000427576,0.704560925146538
144.96533444392583,-37.84571716327571,0.7069276079570951
144.96528447417978,-37.845680136969854,0.7086303966961236
144.96523481790788,-37.845642849238125,0.7086592312898696
144.96518521125054,-37.84560551235863,0.7098098427009463
144.96513568151002,-37.845568106732294,0.7116883366084485
144.96508631664557,-37.845530566300816,0.7136324024731105
144.96503717139674,-37.845492851541664,0.7154246321932032
144.96498826728353,-37.84545494946805,0.717196282015782
144.96493959260624,-37.84541687362896,0.7195094230956391
144.96489124451284,-37.845378544890515,0.721588149359084
144.96484325690653,-37.84533993585069,0.7233121549169003
144.9647956250382,-37.84530105020225,0.7248422893507601
144.96474832238894,-37.84526190856533,0.7262421303295129
144.96470130067007,-37.84522254848739,0.7274340641580578
144.96465448950505,-37.845183024678406,0.7283025668138668
144.96460779293292,-37.84514341159531,0.7289676080118015
144.96456110124493,-37.84510379469293,0.7296570198469347
144.9645142823579,-37.84506427680034,0.7311403155155756
144.96446742101512,-37.84502479212731,0.7321639345676769
144.96442045488791,-37.84498537845672,0.7332474997611114
144.96437330170113,-37.844946091791584,0.7357612054529379
144.96432618922876,-37.84490677680727,0.7384716345581089
144.9642793075172,-37.844867303933114,0.7409115097885739
144.9642328088849,-37.84482756935242,0.7429424398610809
144.9641868079226,-37.84478749500248,0.7446788370061934
144.96414138149333,-37.84474702857457,0.7462668694826067
144.96409656873226,-37.84470614351392,0.7476986295472069
144.96405237104673,-37.844664839019735,0.7489214554552915
144.96400875211648,-37.844623140045215,0.7499112641267803
144.96396563851732,-37.84458109683631,0.7505774767263236
144.96392292744656,-37.8445387792215,0.7507240455847998
144.96388047458044,-37.84449628558711,0.7504732983468152
144.96383809847217,-37.844453739626495,0.7501493858131276
144.96379549301534,-37.84441134371023,0.7517278894217866
144.96375266744866,-37.84436909476105,0.7548450397455025
144.96370988431315,-37.84432681994192,0.7573396412919611
144.96366721401094,-37.8442844763293,0.7591772016330492
144.96362471210324,-37.84424203004798,0.7603261259731766
144.96358241931034,-37.84419945627108,0.7608313150454357
144.96354036151183,-37.84415673922008,0.7605337227611173
144.96349833407047,-37.84411398982692,0.7615667401528884
144.96345642774946,-37.84407115881953,0.7636921159818678
144.9634148469555,-37.84402813587957,0.7659229297306592
144.96337374268484,-37.8439848407785,0.767718024587311
144.96333321252388,-37.84394122337768,0.7689194383657428
144.9632933006487,-37.84389726362828,0.7695957856295326
144.96325399782535,-37.84385297157131,0.7700117667328138
144.96321524140976,-37.8438083873376,0.7705755617406695
144.96317697007674,-37.843763532188966,0.7716181726661241
144.96313918145728,-37.843718406737665,0.7730681134467287
144.96310194014404,-37.84367298612318,0.7741926228287334
144.96306524676135,-37.843627278626876,0.774720199197373
144.96302903796496,-37.843581325671934,0.7748014863606162
144.96299318644242,-37.84353520182345,0.7750239567152976
144.9629575009127,-37.84348901478831,0.7768772389719769
144.96292214918296,-37.84344267461652,0.7787877187740553
144.9628872141203,-37.84339613594104,0.7801206049309876
144.96285266802806,-37.84334941195678,0.7810481180679607
144.9628184578106,-37.843302527958976,0.7815908467169876
144.96278450497297,-37.84325552134322,0.7817538937331037
144.96275070562126,-37.84320844160549,0.7816773817291114
144.96271693046236,-37.84316135034213,0.781749975784036
144.962683024804,-37.84311432124981,0.7826947735280833
144.96264903800903,-37.843067330811614,0.7836910671351951
144.96261505121413,-37.843020340373414,0.7838884427263217
144.96258091254867,-37.84297341427606,0.7848954055078122
144.96254667448386,-37.842926530289795,0.7868055838336931
144.9625125058476,-37.84287961688972,0.7886979104253974
144.96247854649874,-37.84283261482384,0.7898907689641719
144.96244488641656,-37.84278548460753,0.7895026050169832
144.96241129495303,-37.8427383035616,0.7900793287408104
144.96237811479998,-37.84269094540771,0.7889332752899446
144.9623456146924,-37.84264331226433,0.7814529157651099
144.9623123350367,-37.8425955274802,0.7755041082593904
144.96227915345457,-37.842547460212614,0.7650345337456466
144.9622458090607,-37.84249839573609,0.7556061886723424
144.96221422442648,-37.842447681089816,0.7458812017909495
144.96218695193843,-37.84239571454212,0.7421874598117972
144.96216692621414,-37.84234331782518,0.7522095597759159
144.96215654544235,-37.84229188445136,0.7813422445524357
144.96215792379917,-37.84224314484286,0.8216432132832152
144.96217226989393,-37.84219848295775,0.8485159669571765
144.96219982872535,-37.84215896088075,0.8516877028185543
144.96223995576918,-37.84212528743561,0.823329339682919
144.9622911734883,-37.842097868038024,0.7871454915398304
144.96235172589505,-37.84207645440738,0.7571583786630568
144.96241866537267,-37.842060475905036,0.746773366759008
144.9624882030899,-37.84204900634447,0.7499846066842635
144.96255895411525,-37.8420403857412,0.7576629856446485
144.96262846979894,-37.84203262752332,0.7683296421914279
144.96269703861506,-37.84202442108759,0.7792031623823908
144.96276482749755,-37.84201544844983,0.7865166398858136
144.96283226227433,-37.842005533021805,0.7922385699216906
144.96289947464038,-37.841994995911534,0.7974659496182553
144.96296664315304,-37.8419842760866,0.8025357646414822
144.9630338171943,-37.84197351971008,0.8091578849208889
144.96310118416875,-37.841963242701134,0.8144506681917056
144.96316890306264,-37.84195350676499,0.8188602398937056
144.9632376152285,-37.8419444772388,0.8177809658811362
144.96330735790448,-37.84193524483836,0.8121430307249737
144.9633761791147,-37.84192406531137,0.8068594614247071
144.96344246725033,-37.841909486542335,0.8021005576502089
144.96350529390506,-37.841890464864896,0.7946500554023992
144.96356253166306,-37.8418660727228,0.7867945703773579
144.96361296124795,-37.84183577699484,0.7807757863526883
144.96365544164811,-37.84179942975618,0.7794112376956774
144.9636892019394,-37.84175727152706,0.7842488852099367
144.96371410029104,-37.84170993415628,0.7929133462651848
144.96373062396586,-37.84165844082114,0.8018538107501417
144.9637398893202,-37.8416042060275,0.8085236690248446
144.96374356512163,-37.84154883299398,0.8123954745487146
144.96374357850527,-37.84149333670824,0.8140261185111517
144.96374199054546,-37.841438568749226,0.811303009553893
144.96373965136925,-37.84138426351309,0.8061106529286705
144.96373631894267,-37.84132996989128,0.805052360025161
144.96373289361566,-37.841275746217164,0.804559058504575
144.96373003935724,-37.84122165883265,0.801375038170142
144.96372717058242,-37.84116757128653,0.8005182509756302
144.9637246633148,-37.84111348776494,0.7987574910977444
144.96372228808957,-37.841059405713324,0.7974837942914245
144.96371991286432,-37.8410053236617,0.7969013405799062
144.96371753763907,-37.84095124161008,0.7965691263354211
144.96371516241385,-37.84089715955846,0.7965153303340995
144.9637127871886,-37.84084307750684,0.7964100465045907
144.96371041196335,-37.84078899545521,0.7959569162131727
144.96370803673813,-37.840734913403594,0.7953390045530466
144.9637056538016,-37.84068083155728,0.7952110020595002
144.96370326797032,-37.840626749788036,0.7957104264286672
144.96370088602302,-37.840572667915396,0.7963473312912704
144.96369851354342,-37.84051858579067,0.7965681252227649
144.96369615492034,-37.84046450329703,0.795942765036594
144.96369381334753,-37.84041042034943,0.7934155687515466
144.96369149082383,-37.840356336894665,0.7876074594056748
144.9636891881531,-37.84030225291133,0.7762688475617896
144.96368556582712,-37.84024798534376,0.7679850563984434
144.96367976885475,-37.84019295092561,0.7716415124937096
144.96367437981732,-37.84013789203567,0.7775295700202384
144.96367155594064,-37.840083433273065,0.7828067996392706
144.9636727170148,-37.84002981935551,0.7893564973856879
144.9636790338756,-37.839977325372466,0.7996905292288681
144.96369193752636,-37.839926684372934,0.8098355091840655
144.96371231212075,-37.83987838599225,0.8153943724341352
144.96374058792975,-37.83983279626104,0.8140698685410488
144.9637767064044,-37.83979011682236,0.8056246666175424
144.96382008585874,-37.83975034650033,0.7933817124632452
144.96386962147022,-37.8397132813002,0.7803472440649422
144.96392368527938,-37.83967851440828,0.7690084792946982
144.96398012619005,-37.83964543619194,0.761760887826137
144.9640362699692,-37.83961323419969,0.7637251232508981
144.96409154597666,-37.839581252252216,0.7733195029906288
144.96414755592826,-37.83954991518009,0.776018476813745
144.96420383322777,-37.83951882694286,0.7753514044643907
144.96425981230277,-37.83948750649258,0.7756530299984967
144.96431544076188,-37.839455901896535,0.7771741407442276
144.9643710714376,-37.83942429966899,0.7769070851129883
144.96442665318762,-37.83939264516253,0.7763136503775007
144.96448221662234,-37.839360971085476,0.7755699335806474
144.96453778005707,-37.839329297008405,0.7747468597172851
144.9645933434918,-37.83929762293134,0.773599730592608
144.96464890692656,-37.83926594885428,0.7718825803013118
144.96470447036126,-37.83923427477722,0.7695213044589168
144.96475999012898,-37.83920254734852,0.7670167437287017
144.96481527603265,-37.839170534188696,0.7668816843550686
144.96487054768494,-37.8391385036168,0.7667018028668661
144.96492599005074,-37.839106681619754,0.765549520500833
144.96498175344698,-37.839075251852314,0.7628452570156181
144.96503769541843,-37.839043938909896,0.763239566834628
144.9650940839651,-37.83901314364952,0.7646193017667745
144.96515117090874,-37.83898325441393,0.7656868890693052
144.9652091367244,-37.83895455796591,0.7659722897905827
144.9652680905409,-37.8389272394882,0.7652998455709686
144.96532807014037,-37.83890138258353,0.7639168129969715
144.96538904195864,-37.83887696927462,0.7616026922665841
144.9654509010849,-37.83885388000421,0.7585615793871241
144.96551347126194,-37.83883189363498,0.755239140240131
144.96557650488612,-37.83881068744964,0.7527731497881858
144.9656397686618,-37.83878994180213,0.7521056593158374
144.9657033643357,-37.83876973198547,0.7499801199430698
144.96576713036973,-37.838749797205615,0.7471237405087665
144.96583086852726,-37.838729817420656,0.744819217028217
144.96589434387292,-37.838709413340844,0.7458341450554093
144.96595779109362,-37.83868896385495,0.7459122188438398
144.9660212383143,-37.83866851436905,0.7449557450436136
144.966084685535,-37.83864806488315,0.7431419114339693
144.9661481101782,-37.838627569041094,0.7410257749629208
144.96621148294258,-37.83860696668151,0.7396621831569478
144.9662748598448,-37.83858637281771,0.7384930538087118
144.96633828783817,-37.83856588385428,0.7375995144300881
144.96640180481285,-37.838545577587155,0.7372548689481994
144.96646543959565,-37.838525513203585,0.7377137522838084
144.9665292119501,-37.83850573128216,0.7393275161144112
144.96659330152926,-37.83848653366656,0.7393473126993085
144.96665780767495,-37.83846808556825,0.7352892422694065
144.96672240507885,-37.83844984516094,0.7303905903584959
144.96678681160677,-37.83843133854195,0.7258890323766438
144.96685078829847,-37.83841215973232,0.722320971118554
144.96691413936796,-37.838391970676696,0.719617025127768
144.96697671220323,-37.838370501243396,0.7176185681387978
144.96703840239803,-37.83834755578273,0.7165538378028473
144.9670991879578,-37.838323090917,0.7162850231148491
144.96715915775007,-37.83829727542515,0.7154252324437934
144.96721840594427,-37.83827026736552,0.7136205195899009
144.96727708012756,-37.838242312867415,0.7099889925684015
144.96733517925523,-37.838213322498085,0.7064774310913401
144.9673926964402,-37.83818317064613,0.7065507831674565
144.96745041900675,-37.838153238332964,0.7005181608203549
144.96750876236712,-37.83812416605895,0.6884379200255133
144.96756835383644,-37.83809537354293,0.6813947076140653
144.9676293129502,-37.83806837550226,0.6793901915204639
144.96769239051878,-37.83804439029586,0.6866643877693679
144.96775645875408,-37.83802589178603,0.7030581091309599
144.96782049693437,-37.838014748815944,0.7241839987815367
144.96788311834692,-37.83801258781108,0.7378708551628607
144.9679439591062,-37.83801969670051,0.7366624076247977
144.9680027312141,-37.83803577087841,0.7226311172477623
144.9680589433043,-37.83806020454857,0.6997202002616992
144.96811262098257,-37.83809136185146,0.6795564027665385
144.96816390418238,-37.8381269789053,0.6697605568598968
144.96821335284412,-37.83816508529141,0.669140995427733
144.96826168223475,-37.83820536765954,0.6638369949906471
144.96831025910643,-37.83824520218954,0.6584007066892701
144.9683606528552,-37.838282277139285,0.6601829628285867
144.96841350241795,-37.83831638679743,0.6655401932176943
144.96846934767547,-37.83834759771068,0.6750019089581397
144.9685270221609,-37.83837683999248,0.6765089180316838
144.96858638950314,-37.838403649630855,0.6747786920196515
144.96864711034243,-37.83842786591107,0.6693151862319265
144.9687096038175,-37.83844888870725,0.6664086679965411
144.96877364903366,-37.83846681949873,0.6650969474607619
144.96883885626684,-37.838482136989555,0.6619237424786536
144.96890526181582,-37.83849465062829,0.6610104199283827
144.96897260132693,-37.83850461719962,0.6615633498125324
144.96904045087874,-37.83851259995107,0.6608894732739051
144.96910829403515,-37.838519254635585,0.6552595857330465
144.9691765400408,-37.83852401893313,0.6538615222011347
144.9692450598792,-37.838527539607696,0.6543490667869931
144.969313646135,-37.838530630826995,0.653575719883936
144.96938212863648,-37.838533982122215,0.6490571362728434
144.96945061851463,-37.83853737083378,0.6466914628625087
144.9695190438677,-37.838541153219744,0.647002989036137
144.96958724163136,-37.83854597387859,0.6475522755477743
144.96965507848225,-37.83855237612596,0.6465349434013508
144.96972255956774,-37.8385605926715,0.6448133797588388
144.96978962689755,-37.83857083530593,0.6422383123014018
144.9698561358973,-37.838583134407365,0.6390533008727276
144.96992197778422,-37.83859755557814,0.633772171569526
144.96998715649227,-37.83861390676646,0.6267916788915362
144.97005206818898,-37.83863137120528,0.6258233846326495
144.97011634588605,-37.83865030015832,0.6266418580088597
144.97017970789722,-37.838671067269914,0.6255491542481273
144.97024201554484,-37.83869360387911,0.6225753259125679
144.9703032454379,-37.838717622254705,0.6198934785186709
144.97036352514434,-37.838742887485274,0.6200680853761192
144.97042266428923,-37.83876986012004,0.6187736480758766
144.97048053388073,-37.83879857339433,0.6151416442482831
144.9705371284162,-37.838828894804635,0.609152791165472
144.97059298263872,-37.83886022085731,0.6065251416872661
144.97064802318783,-37.83889257255244,0.60621874606773
144.97070181493393,-37.83892626573438,0.6041735911294871
144.9707541985461,-37.83896125859137,0.6005368772679337
144.97080519722027,-37.83899733121977,0.5966713096400329
144.97085531319414,-37.839034011200795,0.599069123192588
144.97090382437887,-37.839072016616846,0.6002640619304058
144.9709503808931,-37.8391114980882,0.5990987864258084
144.97099482087916,-37.83915247393763,0.5952657001112329
144.97103717050322,-37.83919483019046,0.5890927054475055
144.97107784734487,-37.839238249616386,0.5832048476990536
144.9711174900447,-37.83928248124113,0.5817580566737087
144.9711555302738,-37.83932766282799,0.580390827445884
144.97119177874043,-37.83937369016803,0.578875763866492
144.97122632012653,-37.83942031884729,0.5794468721394745
144.97125871503812,-37.839467758585926,0.5788582008275647
144.9712888849269,-37.83951611905319,0.5769026394569639
144.9713167463073,-37.83956535201089,0.5733764781462948
144.97134243814705,-37.83961532362118,0.5689129300849846
144.97136639691942,-37.83966580220371,0.5663494455144663
144.9713887454738,-37.83971684431581,0.5653866796374467
144.97140923134742,-37.83976848074541,0.5632807943764833
144.9714279418015,-37.83982061644532,0.5600079373512545
144.97144506055182,-37.8398731124477,0.5553546467063771
144.9714611948943,-37.83992574207494,0.5524180731209498
144.97147676489448,-37.83997835848554,0.5533598779805463
144.97149110512854,-37.84003120517725,0.5522511414255799
144.97150437182555,-37.84008425062744,0.5497534174795526
144.97151679797398,-37.84013744816997,0.5464663844493427
144.97152869332155,-37.84019073599514,0.5429617659540829
144.97154040625264,-37.84024404582632,0.5403325778558036
144.97155190572423,-37.84029739806982,0.5368219015624746
144.97156344524103,-37.840350750696516,0.5332897531685896
144.97157532165176,-37.84040405413897,0.5309714814953316
144.97158772793173,-37.84045727530624,0.5309145650448722
144.9716002052931,-37.840510486958536,0.5299146362088912
144.97161266668655,-37.8405637007483,0.5281852698182747
144.97162500907643,-37.840616930467924,0.525516946836174
144.9716373446389,-37.840670161101485,0.5230018511292153
144.97164968020132,-37.84072339173505,0.5206520044857824
144.97166201576374,-37.84077662236861,0.5183217522497127
144.9716743513262,-37.840829853002155,0.515875722622786
144.97168668688863,-37.84088308363572,0.5129848906841186
144.97169902245105,-37.84093631426928,0.5094116962047567
144.97171135801352,-37.84098954490284,0.5042911809273986
144.97172416142368,-37.84104274003673,0.5008018848017067
144.971737394436,-37.84109590257298,0.4993479006706041
144.97175043413492,-37.84114907977761,0.49692465785579953
144.97176332330713,-37.84120233775788,0.49654594405824926
144.97177530725122,-37.84125569148401,0.4962663066450728
144.97178557849927,-37.84130914040606,0.4942396973677742
144.97179392482312,-37.84136275134788,0.49280275841852134
144.97180002409837,-37.841416533796846,0.49384668591690456
144.9718030021143,-37.84147036169831,0.4938026474087863
144.97180228494094,-37.84152412420501,0.4898080620495236
144.97179804399576,-37.841577858751236,0.48549731793587686
144.97178996812812,-37.84163138390818,0.48013014567804163
144.97177804283115,-37.8416845323669,0.4742567720334068
144.971763266013,-37.841737460488616,0.4719509184819432
144.97174598666533,-37.84178990770128,0.4758768235919915
144.97172574617693,-37.84184160449419,0.4815400354788051
144.97170227251922,-37.841892383918875,0.48553641567366845
144.97167624676698,-37.841942284243615,0.4951090623539826
144.97164721931514,-37.84199114385187,0.49104586893589536
144.97161530018246,-37.842038873861036,0.47935593601727444
144.97158093010842,-37.842085432829734,0.46838486593385614
144.97154418131075,-37.84213081323191,0.45851426057289996
144.97150507816139,-37.84217511275148,0.4519883577880338
144.9714642591702,-37.842218578397464,0.44698730319881236
144.97142207601803,-37.842261301691096,0.4432944726440186
144.9713788384988,-37.84230350402325,0.44652845821452947
144.9713356026644,-37.842345704123936,0.44972352192547493
144.97129326214585,-37.842388361464394,0.4461576669814657
144.97125211001128,-37.84243160821849,0.4389832153460607
144.9712123928623,-37.842475602209035,0.4347794816303391
144.97117451950783,-37.84252055577093,0.43812470689023325
144.97113932490663,-37.842566769596544,0.4402591977863283
144.97110683829106,-37.84261416649255,0.44691047822648
144.97107707938557,-37.842662682527106,0.4583646434860032
144.97105020293702,-37.84271224259827,0.4728201697438855
144.97102629366665,-37.842762796932035,0.48997055984051197
144.9710052330619,-37.84281423931476,0.4853114069385766
144.9709865641389,-37.842866324079736,0.46567263676387444
144.97096957656612,-37.842918718359016,0.44620553457232404
144.97095422157952,-37.84297144923654,0.42968270148335796
144.97094018977995,-37.84302445303328,0.41788214773029425
144.97092693774363,-37.8430775702335,0.4103707051699102
144.97091439196922,-37.8431308235035,0.4053632542798474
144.97090201012227,-37.84318408276248,0.4045939042109224
144.97088959466134,-37.84323731031767,0.40514753046941043
144.970877257829,-37.84329055182779,0.40542298783667374
144.97086475068448,-37.84334376311108,0.40177566772090956
144.97085205454943,-37.84339694085248,0.3970288230720862
144.97083935841434,-37.84345011859389,0.39448701268530156
144.9708266622793,-37.8435032963353,0.39247041186516757
144.97081396614422,-37.84355647407671,0.3902177742799106
144.97080127000916,-37.84360965181813,0.3879909142794652
144.9707885738741,-37.84366282955954,0.3858017896602595
144.97077587773907,-37.843716007300955,0.3837049434914613
144.970763181604,-37.84376918504236,0.38184125469279784
144.97075048546895,-37.84382236278377,0.3802861656601331
144.97073778933387,-37.84387554052518,0.37941629755917905
144.97072484116063,-37.84392868775471,0.3773640543199063
144.97071177582146,-37.843981820800074,0.3748219350627671
144.97069883366862,-37.844034968758436,0.37277328248254543
144.9706859688644,-37.84408813903289,0.3697493036226393
144.97067347761762,-37.84414136007143,0.3665381981592167
144.97066169980758,-37.84419466106848,0.36391308610561723
144.97065082165116,-37.844248061913966,0.3617687346443794
144.97064089158337,-37.84430157353199,0.3589206642277625
144.97063221339,-37.84435520626116,0.3563291059288044
144.97062496188641,-37.84440896222573,0.3544810316010714
144.97061900744853,-37.84446283862312,0.35211033420397597
144.9706144985465,-37.84451681680968,0.35018897468716753
144.97061143934104,-37.84457087021471,0.34899911629088404
144.97060968968333,-37.84462496434058,0.3483486907270851
144.97060896511505,-37.84467905676265,0.3473243933308415
144.97060922790087,-37.844733164946966,0.3468506972150475
144.9706100364989,-37.84478730411176,0.3444484095503374
144.97061144916788,-37.84484142531193,0.34079448685879365
144.97061383935247,-37.84489551409054,0.33827490313629993
144.97061732877515,-37.84494955191195,0.3374073479741098
144.97062158641216,-37.84500356084092,0.3354910531086741
144.97062663364986,-37.84505751941709,0.3319343383897107
144.97063291557143,-37.84511138057478,0.32904029262237483
144.97064054442268,-37.84516510662497,0.3266413143676567
144.97064951597017,-37.845218672761774,0.32408636993500073
144.9706600061515,-37.845272078312625,0.3225910372057637
144.9706718175745,-37.84532534877784,0.3207641105597033
144.97068499522945,-37.84537844593594,0.3197528546095367
144.970699432686,-37.84543135229564,0.31954453894025725
144.97071487209325,-37.845484071095825,0.3194289455066228
144.97073107964775,-37.845536618854645,0.31879611558631893
144.97074778888447,-37.84558914181258,0.3157779316929338
144.97076532657843,-37.84564151328572,0.3126496199498405
144.9707838517753,-37.84569364593187,0.3099503569113157
144.97080335579162,-37.84574549175056,0.3066625326104068
144.97082412288782,-37.845796985347974,0.3038681479486784
144.9708462950378,-37.84584810559444,0.3014312136604335
144.97087000753706,-37.84589878621945,0.3000095932923949
144.9708952550641,-37.84594900220539,0.299485678831507
144.97092189168006,-37.84599876978763,0.2994918452252833
144.97094950406594,-37.84604824458148,0.29718870368850786
144.9709783119198,-37.846097348281376,0.29502578752310255
144.97100835111073,-37.84614602407256,0.2936425878170436
144.97103950469642,-37.846194270769544,0.29291740926953924
144.97107150292334,-37.846242142816,0.2916580831540395
144.97110397669314,-37.84628973424432,0.28756540404047903
144.97113747616294,-37.84633688226634,0.2852221303723431
144.97117190263899,-37.84638362720371,0.283902600808414
144.97120720649198,-37.84642997721108,0.2837047673712118
144.97124324872277,-37.8464759802029,0.2844475101530983
144.97127975654917,-37.84652178028603,0.2846674205567375
144.97131644906958,-37.84656756766611,0.28212628980282234
144.97135362859294,-37.846613117251096,0.27920535318184775
144.9713914569772,-37.84665828248465,0.27634799933206866
144.9714299556296,-37.84670299534613,0.27236481149547853
144.97146958459322,-37.84674700300775,0.26966291073906995
144.97151057583326,-37.84679017102637,0.2687634202575548
144.97155282298462,-37.84683259080552,0.26765299185241875
144.97159628411438,-37.84687428334289,0.26568731710664084
144.971641058082,-37.84691513719571,0.2639745720951487
144.9716871140082,-37.84695512825854,0.2626971801794531
144.9717343732953,-37.84699427714745,0.2621138298921789
144.9717827295876,-37.84703263882941,0.26255726398259316
144.9718318906248,-37.847070384790825,0.2630041829075858
144.97188144881667,-37.847107766368985,0.26163034311718325
144.97193119251128,-37.84714491776549,0.2575357646426461
144.9719815247282,-37.84718159105049,0.255129548254808
144.97203236757105,-37.84721784950648,0.25383858202193954
144.9720836049122,-37.84725378747476,0.25347799250224856
144.9721350823927,-37.847289530355475,0.2536216796727733
144.97218660742237,-37.84732523460758,0.253535650265144
144.9722379491797,-37.84736108774885,0.2517854344105822
144.97228915301918,-37.84739705293369,0.24910750325061481
144.9723403568586,-37.847433018118515,0.24699057144937064
144.97239156069804,-37.84746898330336,0.24550680374978548
144.9724427645375,-37.84750494848819,0.24378462048983995
144.97249396837694,-37.84754091367303,0.2419318486527888
144.9725451453078,-37.847576904436494,0.24526516368814044
144.97259613587292,-37.84761307235486,0.25068274340579844
144.9726471106137,-37.8476492553154,0.24571313326420263
144.9726981786757,-37.847685358375415,0.22949897620204748
144.97274910053557,-37.84772169991054,0.21437173201722487
144.97280031200322,-37.847757777746835,0.2224854445740143
144.97285210692968,-37.847793274642875,0.24418032341851784
144.9729047506238,-37.84782788337766,0.27320231232478076
144.9729583565279,-37.84786158265594,0.3204700332998421
144.97301317149433,-37.84789399838534,0.3784369801062019
144.97306948800542,-37.84792458226802,0.4515944207832574
144.97312741286805,-37.847953198743134,0.45168212766323906
144.9731868886278,-37.8479800366522,0.378067762184641
144.97324797049322,-37.84800446689153,0.3140744555012808
144.97331055661306,-37.84802623191388,0.26482786923795276
144.97337443707718,-37.848045530683024,0.23446400990488855
144.97343959990567,-37.848061842043776,0.20922314253215146
144.9735057216974,-37.84807513697983,0.2031504005035068
144.97357241590882,-37.84808556992698,0.2200076190841404
144.97363989288857,-37.848092763804694,0.23289833249477815
144.97370790561098,-37.848097191157194,0.22937229787999303
144.9737762512814,-37.84809937905773,0.2193059581572783
144.97384471938278,-37.848100114652354,0.21658735085403708
144.9739133134008,-37.8480995652392,0.21630238323761483
144.9739820006093,-37.848098079815756,0.2150118946152911
144.9740506316669,-37.848096153368786,0.21326994776907002
144.97411914123342,-37.848094276624586,0.21434850233690594
144.97418765692157,-37.84809231683391,0.2208166978785153
144.97425629495314,-37.84809000556618,0.226347705854323
144.97432495413761,-37.84808818520463,0.2246402524145127
144.97439370007203,-37.84808674371567,0.2066079980537308
144.9744625111858,-37.84808601890977,0.18606082948672392
144.97453105372227,-37.848086930963646,0.18824571117310798
144.97459916836578,-37.84809010790844,0.20541087165373784
144.97466658953,-37.84809630199958,0.24159522476434192
144.974733617207,-37.8481054319867,0.28966314378920394
144.97479968566313,-37.84811821216325,0.35524730879027544
144.97486427370933,-37.84813489844301,0.44103993928790275
144.97492701889706,-37.84815552978129,0.4457470096165536
144.97498764917438,-37.848179860211175,0.3577704844213829
144.9750461768737,-37.84820757220932,0.28906690592975964
144.97510276185844,-37.84823799194388,0.2354792243756791
144.9751577114319,-37.848270066228565,0.1996416773426967
144.97521123212647,-37.8483038575811,0.17686604463748823
144.97526376530527,-37.84833863049658,0.1796660478266857
144.97531558940616,-37.84837404597641,0.19803906241962893
144.97536687412224,-37.848410085369494,0.20722300614510955
144.97541806551027,-37.848446210767534,0.2029539609116015
144.97546948055987,-37.84848210362851,0.1963078744059316
144.97552155937422,-37.848517285656904,0.19924883740711888
144.97557376971935,-37.84855233786175,0.20285121910737847
144.97562601694432,-37.84858735663929,0.2041947931061214
144.9756782512009,-37.84862238717119,0.20418793731646342
144.97573041650912,-37.84865748019672,0.20326347441574857
144.97578258181738,-37.848692573222266,0.2024666089655044
144.97583474712562,-37.848727666247804,0.2016916103217291
144.97588691243385,-37.848762759273335,0.20119202412389112
144.97593907774205,-37.84879785229889,0.20103395936807789
144.97599124305032,-37.84883294532442,0.2010060546697091
144.97604340835852,-37.84886803834996,0.2009291306232738
144.97609557366678,-37.848903131375494,0.2009023413044947
144.97614771408323,-37.84893824768692,0.20082419637481508
144.97619984695098,-37.84897337106005,0.2008471711133797
144.97625199265525,-37.849008482424736,0.20085888371201047
144.9763041679543,-37.84904356610403,0.2008004826553803
144.9763563859791,-37.849078609814086,0.20042412954705693
144.9764086562334,-37.84911360466422,0.19944132519421995
144.97646098459396,-37.84914854515692,0.19754041579967366
144.97651337331018,-37.84918342918784,0.19435709716749097
144.97656625045988,-37.84921791953449,0.19467198525005017
144.9766194375219,-37.8492521576503,0.19760932806721865
144.976672469407,-37.84928651140524,0.20080394267056903
144.9767249560936,-37.84932129003263,0.20329811024236796
144.97677658262765,-37.849356744129125,0.20492684330523275
144.97682705394692,-37.84939310257116,0.2052461702913779
144.976876245942,-37.84943047144448,0.20426916772752654
144.97692416098545,-37.84946885079045,0.20196232449359586
144.97697109935464,-37.84950805783386,0.20040310662110547
144.97701731093287,-37.84954792500485,0.20107686167515915
144.9770625387106,-37.84958856531154,0.20104054995701465
144.97710667072351,-37.849629991647305,0.19914832124347026
144.9771497400522,-37.8496721167908,0.19520480467135312
144.9771924415333,-37.84971453882335,0.19492662034995656
144.97723482004457,-37.84975708586515,0.2001334149000915
144.9772760101444,-37.84980023836824,0.2052704699578524
144.97731538996837,-37.84984433099144,0.20820933271338293
144.9773526741363,-37.84988947936818,0.2090167608063599
144.97738772938885,-37.84993572542763,0.2078243313855348
144.9774207164767,-37.849982994171555,0.20553096700809623
144.9774519952855,-37.850031083132365,0.20409238802314697
144.97748169357146,-37.85007984695428,0.20315275179559894
144.97751013738392,-37.850129051608405,0.20430310880922928
144.97753737454607,-37.85017865220288,0.20629435005245053
144.9775632186352,-37.8502287673011,0.20602074423686279
144.97758794505242,-37.85027927245853,0.20434458487263896
144.9776119586621,-37.85032999430142,0.2025349959690526
144.97763594774875,-37.85038067213602,0.2049549657077126
144.97765950668648,-37.85043146957336,0.20761859204889146
144.97768239798924,-37.850482466475825,0.2091766631977579
144.97770460918719,-37.850533658910656,0.20971959757925293
144.977726200527,-37.85058502239771,0.20953813263226478
144.977747304972,-37.85063651190946,0.2092372454915121
144.97776812820203,-37.85068806187102,0.20993444997288593
144.97778867029254,-37.85073967094418,0.21158977158485962
144.9778087375551,-37.8507913984205,0.2127423463299485
144.97782836423957,-37.8508432357594,0.2135377431808535
144.9778476136197,-37.85089516718296,0.213890337267493
144.97786657799296,-37.85094716967586,0.2138378059704355
144.97788537868053,-37.85099921298544,0.21364577433418286
144.9779041660275,-37.85105125962164,0.2137087373800735
144.97792311940265,-37.85110326485704,0.21496704858090335
144.9779421452065,-37.85115525203161,0.21644610977796913
144.97796117101038,-37.851207239206175,0.21764844988515838
144.9779801968142,-37.85125922638075,0.21864308145934816
144.97799922261805,-37.851311213555306,0.21949723195258977
144.9780182484219,-37.85136320072988,0.22029320911124856
144.97803727422578,-37.85141518790444,0.2210434297451769
144.97805630002964,-37.85146717507901,0.2217772275147472
144.9780753258335,-37.851519162253574,0.2224972692805247
144.97809435163737,-37.85157114942814,0.22315045894901586
144.97811342912723,-37.85162312515113,0.22410360153735445
144.97813253607555,-37.85167509434727,0.22526952555398178
144.97815161866694,-37.85172706893997,0.2264666049928774
144.97817063238477,-37.85177905879232,0.2276353784638606
144.9781895420112,-37.851831071707224,0.22873788687926988
144.97820832162702,-37.851883113427334,0.22977817139113374
144.9782269546118,-37.851935187635085,0.23080986295654432
144.9782454336439,-37.851987295952675,0.23189043362377856
144.9782637607004,-37.852039437942075,0.23302678314102332
144.978281947057,-37.852091611105,0.23415377161224107
144.97830001328822,-37.85214381088297,0.23522748509486335
144.97831798926737,-37.85219603065723,0.23606541496501576
144.9783359141664,-37.85224826174885,0.23633976993363426
144.97835383645602,-37.852300493418596,0.23623858511263207
144.97837181390568,-37.852352712867045,0.23645825707134596
144.97839002070396,-37.852404889989,0.2385142528029222
144.97840843666978,-37.85245702928279,0.24243532363125636
144.97842676943336,-37.85250918362379,0.24625069069017397
144.97844477571746,-37.852561397008955,0.24923132977155882
144.97846222460225,-37.85261371025578,0.2493803650708542
144.9784789484941,-37.852666153095186,0.2439444428353719
144.97849517594062,-37.852718707957564,0.2319955342494828
144.9785115151723,-37.85277145802743,0.21496981034914509
144.97853135520342,-37.852826278157146,0.21488836700875227
144.97855077769074,-37.85288188098052,0.21863430667523756
144.9785662296568,-37.852936621585584,0.2274807233834023
144.9785748391106,-37.85298904621889,0.24519856151288666
144.97857446016928,-37.85303796660894,0.27039673408757253
144.97856370304663,-37.853082520021914,0.29466198263398413
144.97854194371223,-37.853122188604814,0.30567579206679957
144.9785088870314,-37.85315681753861,0.29670930122583083
144.97846481540324,-37.853186570071884,0.27400014123111893
144.97841087443658,-37.85321187585588,0.2515501217747385
144.97834889853345,-37.85323346248801,0.23799866785623494
144.97828148294604,-37.85325234433314,0.2324823466232257
144.9782119838795,-37.853269822507656,0.23086475157028621
144.9781439057549,-37.85328754969447,0.23344564596190667
144.9780800892144,-37.85330732870283,0.2544255965497459
144.97801652307342,-37.85332755349393,0.26884191100430643
144.97795301213517,-37.85334788065867,0.27622045895740954
144.97788950624766,-37.85336821793821,0.27923278623415987
144.9778259823932,-37.85338851923687,0.2799668919588268
144.9777624443305,-37.853408792081794,0.2800290338972388
144.97769890938935,-37.85342907107189,0.27994929519079065
144.97763538091993,-37.85344936280241,0.28059032657981825
144.97757185176164,-37.853469653176674,0.2821665174615016
144.9775083159169,-37.853489930387966,0.28426637616890205
144.9774447685515,-37.85351018491947,0.28621832468080194
144.9773812059944,-37.8535304095443,0.2878727330399648
144.9773176257377,-37.85355059932549,0.28950965283965396
144.97725402643684,-37.85357075161601,0.2911536602398046
144.9771904079104,-37.85359086605874,0.29277561920230066
144.9771267711402,-37.85361094458648,0.2944786759488792
144.97706311827122,-37.85363099142195,0.29637324346716454
144.97699945261178,-37.85365101307782,0.29841974008707606
144.97693577863325,-37.853671018356664,0.30045385563270394
144.97687210197034,-37.85369101835097,0.30228997648437306
144.9768084294209,-37.85371102644318,0.30375154488673944
144.976744762823,-37.85373104625158,0.3043984566701575
144.9766810962251,-37.85375106606,0.3033585556863237
144.9766175479171,-37.85377136304707,0.3024894598598348
144.97655413780672,-37.85379211068984,0.30357238144079857
144.9764907634675,-37.85381310713379,0.3058369645761064
144.97642721446005,-37.853833988287604,0.30872367102709886
144.9763633135081,-37.853854180233355,0.31163112769132867
144.97629885014345,-37.85387291784109,0.3126756731008156
144.9762334800059,-37.85389024454989,0.3186323775240572
144.97616742556517,-37.85390465676686,0.32352191825081644
144.9761006529696,-37.85391539325842,0.3280820601263847
144.97603338848265,-37.853921672120414,0.33485133480465384
144.97596619347652,-37.85392257997593,0.33974849639098814
144.9758992907667,-37.85391793531461,0.3366992398919743
144.9758331690676,-37.85390768303367,0.3248990511185178
144.9757679464721,-37.853892326483354,0.317605568883577
144.97570439276367,-37.85387237042845,0.325639885036168
144.97564345015545,-37.853847936893445,0.34121965863145837
144.9755854466765,-37.85381930314907,0.3629776331765534
144.9755309184297,-37.853786766981706,0.39479582385202755
144.97548014473372,-37.85375073938377,0.42974610815565867
144.97543307700764,-37.853711808079346,0.4714322533308763
144.9753894724149,-37.85367086069883,0.47087703532453834
144.97534928036,-37.85362744838807,0.431990119413176
144.9753118819613,-37.85358234245629,0.40121848369212937
144.9752768778162,-37.85353582334213,0.37738770498455637
144.97524376581316,-37.85348815664345,0.36502557726524193
144.97521162231868,-37.85344006416046,0.35903753600519855
144.9751798483236,-37.8533918803844,0.3555481596390751
144.9751477395133,-37.85334398314093,0.3594184644321069
144.97511543938816,-37.853296242045865,0.3670593417106734
144.97508306985952,-37.85324853331349,0.37196744919856
144.97505041638044,-37.853200956986456,0.3694004381395858
144.9750177629013,-37.853153380659414,0.3683145048988947
144.97498510942225,-37.85310580433238,0.37074959881041375
144.97495245594314,-37.853058228005345,0.3732069094879754
144.974919802464,-37.85301065167832,0.37448943802134893
144.9748873475218,-37.85296298456355,0.3769803866684043
144.97485496351618,-37.85291528501059,0.38005431363870973
144.97482247891395,-37.85286763145885,0.38297026692193664
144.97478975248754,-37.85282008848945,0.3856382175946766
144.974756673315,-37.85277270682522,0.38808154665189365
144.97472316077997,-37.85272552333073,0.3907899864241591
144.97468916457186,-37.852678561012226,0.3949662078242841
144.97465466468554,-37.85263182901768,0.3996381877099967
144.97461967142175,-37.85258532263681,0.4004948206991274
144.97458422538668,-37.85253902330099,0.39711756384920177
144.97454839931532,-37.852492897692926,0.39275523489118325
144.97451229747992,-37.852446898035545,0.38845299494897156
144.97447694758932,-37.852400374294916,0.38780940511485285
144.9744426637137,-37.852352665346196,0.39438392366171643
144.97440871898976,-37.85230359334719,0.4129475713495075
144.97437295984358,-37.85225413584013,0.43681219133751426
144.97433363840727,-37.85220609802564,0.46512943090295295
144.9742903467087,-37.85216259601978,0.49569209610391873
144.97424355400872,-37.85212672942242,0.4574819698466362
144.97419381420815,-37.85210081401682,0.40900059335934286
144.97414176584766,-37.85208638176959,0.37784033944623857
144.9740881321077,-37.852084180830694,0.3754186066596494
144.97403372080885,-37.85209417553345,0.40938892383486497
144.97397942441137,-37.85211554639454,0.4516008991809377
144.9739262200153,-37.85214669011402,0.47887255910345783
144.97387516578482,-37.85218522132189,0.48839474655398213
144.97382739714124,-37.85222797443717,0.48865006575432923
144.97378236999876,-37.852272160204926,0.48170981125671136
144.97373862955772,-37.85231581359571,0.4717795962056915
144.9736945462351,-37.85235808729682,0.46096902120626077
144.9736495953428,-37.85239904522216,0.4511750162347607
144.9736043624913,-37.85243970259768,0.4449499678613748
144.97355924726696,-37.85248044727087,0.441242818312429
144.97351453400142,-37.85252161766283,0.4418556437904587
144.97347001303476,-37.852563038245485,0.44544462144835706
144.97342527967115,-37.85260449331304,0.4520235528207539
144.9733795830308,-37.85264512182252,0.4567707840506897
144.97333244279002,-37.85268458505583,0.4607093751383234
144.9732832560422,-37.852722094886765,0.4622501098648153
144.97323162703657,-37.85275748639139,0.46614547591267874
144.97317710015668,-37.85278991450562,0.4724119500863068
144.97311951060237,-37.85281829086332,0.4785575584174679
144.97305879462635,-37.85284198973948,0.4852638219977617
144.97299534611602,-37.8528600967588,0.48938084265384285
144.97292963930835,-37.85287229876112,0.4899038664034482
144.9728621226837,-37.85287911782246,0.49158793542685764
144.97279402105005,-37.85288014418255,0.4739269755890471
144.97298457292186,-37.85308439631518,0.46877085628848264
144.97296079104999,-37.853109440765394,0.4635513115703799
144.97275654928788,-37.852982047450155,0.4670522161101812
144.97240538496288,-37.85272900049539,0.479591826114155
144.97194090484302,-37.85237794098644,0.4889460905979821
144.97139625998236,-37.85195618853183,0.4939535886472918
144.970804531199,-37.85149156890057,0.4957698081905308
